sentiment_category,avg_likes,avg_retweets
Positive,82.03125,31.15625
Negative,74.66666666666667,27.46153846153846
Neutral,73.65517241379311,25.344827586206897
