AgeGroup,avg_likes,avg_retweets
Adult,89.0,29.166666666666668
Senior,81.89189189189189,24.675675675675677
Teen,77.97826086956522,31.76086956521739
